upw_doi,oa_category,evidence,host_type,repository_institution,url_for_landing_page,url_for_pdf
10.4014/jmb.1406.06025,other_repo,oa repository (semantic scholar lookup),repository,NA,https://semanticscholar.org/paper/8252887123083f0f68f712e2205cea9dc2eb9009,http://pdfs.semanticscholar.org/8252/887123083f0f68f712e2205cea9dc2eb9009.pdf
10.1017/s095252381300045x,other_oa_journal,open (via page says Open Access),publisher,NA,https://doi.org/10.1017/s095252381300045x,https://www.cambridge.org/core/services/aop-cambridge-core/content/view/5545A7E21CCEA150671D2FDA803892C3/S095252381300045Xa.pdf/div-class-title-linking-hypotheses-underlying-class-a-and-class-b-methods-div.pdf
10.1017/s095252381300045x,other_repo,oa repository (via pmcid lookup),repository,NA,https://www.ncbi.nlm.nih.gov/pmc/articles/PMC4131156,NA
10.1017/s095252381300045x,opendoar_subject,oa repository (via OAI-PMH doi match),repository,pubmedcentral.nih.gov,http://europepmc.org/articles/pmc4131156,http://europepmc.org/articles/pmc4131156?pdf=render
10.1017/s095252381300045x,other_repo,oa repository (semantic scholar lookup),repository,NA,https://semanticscholar.org/paper/156818d2a1e3619ee36526e7e4c4ad432749a704,http://pdfs.semanticscholar.org/1c3b/41421f34bba24b0627b8ea37d85eb2fbde46.pdf
10.1017/s095252381300045x,opendoar_inst,oa repository (via OAI-PMH title and first author match),repository,City University London - City Research Online,http://openaccess.city.ac.uk/14135/1/Linking%20hypotheses%20underlying%20Class%20A%20and%20Class%20B%20methods..pdf,http://openaccess.city.ac.uk/14135/1/Linking%20hypotheses%20underlying%20Class%20A%20and%20Class%20B%20methods..pdf
10.1016/j.imlet.2012.02.004,not_oa,NA,NA,NA,NA,NA
10.1371/journal.pone.0116029,full_oa_journal,oa journal (via doaj),publisher,NA,https://doi.org/10.1371/journal.pone.0116029,NA
10.1371/journal.pone.0116029,full_oa_journal,open (via page says license),publisher,NA,https://doi.org/10.1371/journal.pone.0116029,https://journals.plos.org/plosone/article/file?id=10.1371/journal.pone.0116029&type=printable
10.1371/journal.pone.0116029,other_repo,oa repository (via pmcid lookup),repository,NA,https://www.ncbi.nlm.nih.gov/pmc/articles/PMC4309611,NA
10.1371/journal.pone.0116029,opendoar_subject,oa repository (via OAI-PMH doi match),repository,pubmedcentral.nih.gov,http://europepmc.org/articles/pmc4309611,http://europepmc.org/articles/pmc4309611?pdf=render
10.1371/journal.pone.0116029,opendoar_inst,oa repository (via OAI-PMH doi match),repository,Imperial College London - Spiral,http://hdl.handle.net/10044/1/41994,http://spiral.imperial.ac.uk/bitstream/10044/1/41994/2/Comparison%20of%20microbiomes%20from%20different%20niches%20of%20upper%20and%20lower%20airways%20in%20children%20and%20adolescents%20with%20cystic%20fibrosis.pdf
10.1371/journal.pone.0116029,other_repo,oa repository (via OAI-PMH doi match),repository,Queen's University Belfast - Research Portal,https://pure.qub.ac.uk/en/publications/comparison-of-microbiomes-from-different-niches-of-upper-and-lower-airways-in-children-and-adolescents-with-cystic-fibrosis(b6dbff17-0a91-44de-8c80-7ecc244f2f28).html,https://pureadmin.qub.ac.uk/ws/files/14457782/journal.pone.0116029_1_.pdf
10.1371/journal.pone.0116029,other_repo,oa repository (semantic scholar lookup),repository,NA,https://semanticscholar.org/paper/15e7dd42d69a3082e11269335e4efef68ab12913,http://pdfs.semanticscholar.org/d72e/a0ba6d109d364250ef3b49a21f23a7445139.pdf
10.1534/genetics.117.300421,other_oa_journal,open (via page says license),publisher,NA,https://doi.org/10.1534/genetics.117.300421,https://www.genetics.org/content/genetics/208/2/633.full.pdf
10.1534/genetics.117.300421,other_repo,oa repository (via pmcid lookup),repository,NA,https://www.ncbi.nlm.nih.gov/pmc/articles/PMC5788527,NA
10.1534/genetics.117.300421,opendoar_subject,oa repository (via OAI-PMH doi match),repository,National Institutes of Health (USA) - US National Library of Medicine,http://europepmc.org/articles/pmc5788527,http://europepmc.org/articles/pmc5788527?pdf=render
10.1534/genetics.117.300421,other_repo,oa repository (semantic scholar lookup),repository,NA,https://semanticscholar.org/paper/7db18e0e4321267c892309890ea2d57d4de448b1,http://pdfs.semanticscholar.org/e6e3/2394849debb5f021aefaf0f86ae2056aad97.pdf
10.1534/genetics.117.300421,opendoar_other,oa repository (via OAI-PMH title and first author match),repository,Max Planck Society - MPG.PuRe,http://hdl.handle.net/21.11116/0000-0000-B085-2,https://pure.mpg.de/pubman/item/item_2552873_2/component/file_2553179/Copur.pdf
10.1534/genetics.117.300421,other_repo,oa repository (via OAI-PMH title and first author match),repository,Max Planck Society - MPG.PuRe,http://hdl.handle.net/21.11116/0000-0000-B087-0,http://hdl.handle.net/21.11116/0000-0000-B087-0
10.1111/jbi.12725,not_oa,NA,NA,NA,NA,NA
10.1016/j.microrel.2017.07.033,not_oa,NA,NA,NA,NA,NA
10.1088/1555-6611/aabdb3,other_repo,oa repository (semantic scholar lookup),repository,NA,https://semanticscholar.org/paper/e6050ce059941260fd690966f75cd57c55558e72,http://pdfs.semanticscholar.org/e605/0ce059941260fd690966f75cd57c55558e72.pdf
10.1088/1555-6611/aabdb3,opendoar_inst,oa repository (via OAI-PMH title and first author match),repository,NA,https://elib.dlr.de/120381/1/Post-print%20version.pdf,https://elib.dlr.de/120381/1/Post-print%20version.pdf
10.1055/s-0034-1378383,not_oa,NA,NA,NA,NA,NA
10.1080/09644008.2014.898267,not_oa,NA,NA,NA,NA,NA
10.1080/15434303.2014.960046,not_oa,NA,NA,NA,NA,NA
10.1002/cssc.201501106,not_oa,NA,NA,NA,NA,NA
10.5194/bg-15-5131-2018,full_oa_journal,oa journal (via doaj),publisher,NA,https://doi.org/10.5194/bg-15-5131-2018,NA
10.5194/bg-15-5131-2018,full_oa_journal,open (via page says license),publisher,NA,https://doi.org/10.5194/bg-15-5131-2018,https://www.biogeosciences.net/15/5131/2018/bg-15-5131-2018.pdf
10.1093/mnras/stx1409,opendoar_subject,oa repository (via OAI-PMH doi match),repository,arXiv.org,http://arxiv.org/abs/1703.09223,http://arxiv.org/pdf/1703.09223
10.4056/sigs.3117229,full_oa_journal,oa journal (via doaj),publisher,NA,https://doi.org/10.4056/sigs.3117229,NA
10.4056/sigs.3117229,other_repo,oa repository (via pmcid lookup),repository,NA,https://www.ncbi.nlm.nih.gov/pmc/articles/PMC3569382,NA
10.4056/sigs.3117229,opendoar_subject,oa repository (via OAI-PMH doi match),repository,pubmedcentral.nih.gov,http://europepmc.org/articles/pmc3569382,https://www.ncbi.nlm.nih.gov/pmc/articles/PMC3569382/pdf
10.4056/sigs.3117229,other_repo,oa repository (via OAI-PMH doi match),repository,PubMed Central - Europe PMC,http://europepmc.org/articles/pmc3569382,NA
10.4056/sigs.3117229,opendoar_inst,oa repository (via OAI-PMH title and first author match),repository,Helmholtz-Zentrum für Infektionsforschung GmbH - HZI Open Repository,http://hdl.handle.net/10033/268653,https://repository.helmholtz-hzi.de/bitstream/10033/268653/1/anderson-munk%20et%20al_final.pdf
10.1002/chem.201000102,not_oa,NA,NA,NA,NA,NA
10.1007/jhep05(2014)044,full_oa_journal,oa journal (via doaj),publisher,NA,https://doi.org/10.1007/jhep05(2014)044,NA
10.1007/jhep05(2014)044,full_oa_journal,open (via page says license),publisher,NA,https://doi.org/10.1007/jhep05(2014)044,https://link.springer.com/content/pdf/10.1007%2FJHEP05%282014%29044.pdf
10.1007/jhep05(2014)044,opendoar_inst,oa repository (via OAI-PMH doi match),repository,NA,http://nbn-resolving.de/urn:nbn:de:bvb:19-epub-24214-8,https://epub.ub.uni-muenchen.de/24214/1/oa_24214.pdf
10.1007/jhep05(2014)044,opendoar_subject,oa repository (via OAI-PMH doi match),repository,Cornell University - arXiv,http://arxiv.org/abs/1402.1686,http://arxiv.org/pdf/1402.1686
10.1155/2010/852786,full_oa_journal,oa journal (via doaj),publisher,NA,https://doi.org/10.1155/2010/852786,NA
10.1155/2010/852786,full_oa_journal,open (via page says license),publisher,NA,https://doi.org/10.1155/2010/852786,http://downloads.hindawi.com/journals/jnm/2010/852786.pdf
10.1155/2010/852786,other_repo,oa repository (semantic scholar lookup),repository,NA,https://semanticscholar.org/paper/8ee2032f43eca0d111ee77107170d0dd8e2c548d,http://pdfs.semanticscholar.org/8ee2/032f43eca0d111ee77107170d0dd8e2c548d.pdf
10.1088/1361-6528/aa9238,not_oa,NA,NA,NA,NA,NA
10.1002/cctc.201701327,not_oa,NA,NA,NA,NA,NA
10.1021/es304879d,not_oa,NA,NA,NA,NA,NA
10.1007/s00120-017-0326-3,not_oa,NA,NA,NA,NA,NA
10.1002/2015pa002792,other_oa_journal,open (via free article),publisher,NA,https://doi.org/10.1002/2015pa002792,https://agupubs.onlinelibrary.wiley.com/doi/pdfdirect/10.1002/2015PA002792
10.1002/2015pa002792,opendoar_subject,oa repository (via OAI-PMH doi match),repository,Vlaams Instituut Voor De Zee - Integrated Information System,http://www.vliz.be/imisdocs/publications/02/289102.pdf,http://www.vliz.be/imisdocs/publications/02/289102.pdf
10.1002/app.31815,not_oa,NA,NA,NA,NA,NA
10.1007/s11605-016-3339-0,not_oa,NA,NA,NA,NA,NA
10.1007/s10606-017-9272-2,not_oa,NA,NA,NA,NA,NA
10.1017/s0963180118000129,not_oa,NA,NA,NA,NA,NA
10.1063/1.4721373,other_repo,oa repository (semantic scholar lookup),repository,NA,https://semanticscholar.org/paper/91df995ed9347028e615777d44536b750ab1e28d,http://pdfs.semanticscholar.org/91df/995ed9347028e615777d44536b750ab1e28d.pdf
10.1051/0004-6361/201832888,other_repo,oa repository (via OAI-PMH title and last author match),repository,University of Ferrara - Institutional Research Information System University of Ferrara,https://www.aanda.org/,https://www.aanda.org/images/stories/leaflet/aa_leaflet.pdf
10.1051/0004-6361/201832888,opendoar_inst,oa repository (via OAI-PMH title and last author match),repository,University College London - UCL Discovery,http://discovery.ucl.ac.uk/10077399/1/aa32888-18.pdf,http://discovery.ucl.ac.uk/10077399/1/aa32888-18.pdf
10.1051/0004-6361/201832888,opendoar_inst,oa repository (via OAI-PMH title and last author match),repository,University College London - UCL Discovery,http://discovery.ucl.ac.uk/10077399/,https://discovery.ucl.ac.uk/id/eprint/10077399/1/aa32888-18.pdf
10.1051/0004-6361/201832888,opendoar_inst,oa repository (via OAI-PMH title and last author match),repository,University of California - eScholarship University of California,http://www.escholarship.org/uc/item/0z44h8d6,https://escholarship.org/content/qt0z44h8d6/qt0z44h8d6.pdf?t=q2lomk
10.1051/0004-6361/201832888,opendoar_inst,oa repository (via OAI-PMH title and last author match),repository,University of California - eScholarship University of California,http://www.escholarship.org/uc/item/7h77j6pv,https://escholarship.org/content/qt7h77j6pv/qt7h77j6pv.pdf?t=p5iwud
10.1051/0004-6361/201832888,opendoar_inst,oa repository (via OAI-PMH title and last author match),repository,DANS - Data Archiving and Networked Services - NARCIS - National Academic Research and Collaborations Information System,http://hdl.handle.net/1887/67918,https://openaccess.leidenuniv.nl/bitstream/handle/1887/67918/aa32883-18.pdf?sequence=1
10.1051/0004-6361/201832888,other_oa_journal,open (via free pdf),publisher,NA,https://doi.org/10.1051/0004-6361/201832888,https://www.aanda.org/articles/aa/pdf/2018/11/aa32888-18.pdf
10.1051/0004-6361/201832888,opendoar_inst,oa repository (via OAI-PMH doi match),repository,University of Helsinki - Helda,http://hdl.handle.net/10138/307906,https://helda.helsinki.fi/bitstream/10138/307906/1/aa32888_18.pdf
10.1051/0004-6361/201832888,other_repo,oa repository (via OAI-PMH doi match),repository,Aalto University - Aaltodoc,https://aaltodoc.aalto.fi/handle/123456789/35252,https://research.aalto.fi/files/30192632/ELEC_akrami_et_al_planck_intermediate_results_AA.pdf
10.1051/0004-6361/201832888,other_repo,oa repository (via OAI-PMH doi match),repository,NA,http://orca.cf.ac.uk/117482/1/aa32888-18.pdf,http://orca.cf.ac.uk/117482/1/aa32888-18.pdf
10.1051/0004-6361/201832888,opendoar_subject,oa repository (via OAI-PMH doi match),repository,Cornell University - arXiv,http://arxiv.org/abs/1802.08649,http://arxiv.org/pdf/1802.08649
10.1051/0004-6361/201832888,opendoar_inst,oa repository (via OAI-PMH doi match),repository,"Ministerio de Educación, Cultura y Deporte - Consultation of the Doctoral Thesis Database (TESEO)",http://hdl.handle.net/10651/50716,http://digibuo.uniovi.es/dspace/bitstream/10651/50716/1/aa32888-18.pdf
10.1051/0004-6361/201832888,other_repo,oa repository (via OAI-PMH doi match),repository,"Technical University of Denmark, DTU - Technical University of Denmark, DTU Orbit",https://orbit.dtu.dk/en/publications/planck-intermediate-results--liv-the-planck-multifrequency-catalogue-of-nonthermal-sources(6c6715b9-28e2-415e-a458-839a5fc20eba).html,https://backend.orbit.dtu.dk/ws/files/163016316/aa32888_18.pdf
10.1051/0004-6361/201832888,opendoar_inst,oa repository (via OAI-PMH doi match),repository,University of Oslo - Duo Research Archive,http://hdl.handle.net/10852/66117,https://www.duo.uio.no/bitstream/10852/66117/2/aa32888-18.pdf
10.1051/0004-6361/201832888,other_repo,oa repository (via OAI-PMH doi match),repository,U.S. Department of Energy Office of Scientific and Technical Information - OSTI OAI,https://www.osti.gov/biblio/1550812,NA
10.1051/0004-6361/201832888,other_repo,oa repository (semantic scholar lookup),repository,NA,https://semanticscholar.org/paper/869a1c1a70fe2c2531d25af7f7729f5af05771f4,http://pdfs.semanticscholar.org/869a/1c1a70fe2c2531d25af7f7729f5af05771f4.pdf
10.1016/j.jvlc.2011.04.003,not_oa,NA,NA,NA,NA,NA
10.1007/s10194-012-0482-1,full_oa_journal,oa journal (via doaj),publisher,NA,https://doi.org/10.1007/s10194-012-0482-1,NA
10.1007/s10194-012-0482-1,full_oa_journal,open (via page says license),publisher,NA,https://doi.org/10.1007/s10194-012-0482-1,https://thejournalofheadacheandpain.biomedcentral.com/track/pdf/10.1007/s10194-012-0482-1
10.1007/s10194-012-0482-1,other_repo,oa repository (via pmcid lookup),repository,NA,https://www.ncbi.nlm.nih.gov/pmc/articles/PMC3484254,NA
10.1007/s10194-012-0482-1,opendoar_subject,oa repository (via OAI-PMH doi match),repository,pubmedcentral.nih.gov,http://europepmc.org/articles/pmc3484254,http://europepmc.org/articles/pmc3484254?pdf=render
10.1103/physrevlett.117.110801,other_repo,oa repository (semantic scholar lookup),repository,NA,https://semanticscholar.org/paper/8e59f588c3f0579154e9a2ee7a195738df1b6ff0,http://pdfs.semanticscholar.org/0799/7010a9013c83c9fa10472b9b2b6ec0ccca78.pdf
10.1586/14760584.2016.1155987,not_oa,NA,NA,NA,NA,NA
10.1016/j.dental.2010.11.005,not_oa,NA,NA,NA,NA,NA
10.2147/ijn.s92608,full_oa_journal,oa journal (via doaj),publisher,NA,https://doi.org/10.2147/ijn.s92608,NA
10.2147/ijn.s92608,full_oa_journal,open (via page says license),publisher,NA,https://doi.org/10.2147/ijn.s92608,https://www.dovepress.com/getfile.php?fileID=33908
10.2147/ijn.s92608,other_repo,oa repository (via pmcid lookup),repository,NA,https://www.ncbi.nlm.nih.gov/pmc/articles/PMC5153260,NA
10.2147/ijn.s92608,opendoar_subject,oa repository (via OAI-PMH doi match),repository,pubmedcentral.nih.gov,http://europepmc.org/articles/pmc5153260,http://europepmc.org/articles/pmc5153260?pdf=render
10.2147/ijn.s92608,other_repo,oa repository (semantic scholar lookup),repository,NA,https://semanticscholar.org/paper/8e0f9df83fd97ccd6a047ebe8729a759773596bf,http://pdfs.semanticscholar.org/e33e/1024cb4746743ff529dc1ac78384fe72dc0b.pdf
10.1021/la300870y,not_oa,NA,NA,NA,NA,NA
10.1016/j.chemphys.2015.02.001,opendoar_subject,oa repository (via OAI-PMH doi match),repository,arXiv.org,http://arxiv.org/abs/1502.07185,http://arxiv.org/pdf/1502.07185
10.1111/j.1468-3083.2012.04710.x,not_oa,NA,NA,NA,NA,NA
10.1016/j.nbd.2010.01.020,not_oa,NA,NA,NA,NA,NA
10.1016/j.electacta.2013.11.027,not_oa,NA,NA,NA,NA,NA
10.1093/chemse/bjr095,other_oa_journal,open (via free pdf),publisher,NA,https://doi.org/10.1093/chemse/bjr095,https://academic.oup.com/chemse/article-pdf/37/3/219/17427145/bjr095.pdf
10.1093/chemse/bjr095,other_repo,oa repository (semantic scholar lookup),repository,NA,https://semanticscholar.org/paper/d34eea7af9d5307afe37a8d685aaf592a3ae4cf7,http://pdfs.semanticscholar.org/d34e/ea7af9d5307afe37a8d685aaf592a3ae4cf7.pdf
10.1016/j.actpsy.2011.11.010,not_oa,NA,NA,NA,NA,NA
10.1097/gco.0000000000000431,not_oa,NA,NA,NA,NA,NA
10.3842/sigma.2018.104,full_oa_journal,open (via free pdf),publisher,NA,https://doi.org/10.3842/sigma.2018.104,https://www.emis.de/journals/SIGMA/2018/104/sigma18-104.pdf
10.3842/sigma.2018.104,full_oa_journal,oa journal (via doaj),publisher,NA,https://doi.org/10.3842/sigma.2018.104,NA
10.3842/sigma.2018.104,opendoar_subject,oa repository (via OAI-PMH doi match),repository,Cornell University - arXiv,http://arxiv.org/abs/1709.07309,http://arxiv.org/pdf/1709.07309
10.3842/sigma.2018.104,opendoar_other,oa repository (via OAI-PMH doi match),repository,Max Planck Society - MPG.PuRe,http://hdl.handle.net/21.11116/0000-0003-E016-7,https://pure.mpg.de/pubman/item/item_3075343_4/component/file_3075344/Cafasso-Villeneuve_Yang_Drinfeld-Sokolov%20hierarchies_2018.pdf
10.3842/sigma.2018.104,opendoar_other,oa repository (via OAI-PMH title and first author match),repository,Le Centre pour la Communication Scientifique Directe - HAL,https://hal.archives-ouvertes.fr/hal-01593128/file/1709.07309.pdf,https://hal.archives-ouvertes.fr/hal-01593128/file/1709.07309.pdf
10.3842/sigma.2018.104,opendoar_inst,oa repository (via OAI-PMH title and first author match),repository,Le Centre pour la Communication Scientifique Directe - HAL,https://hal.archives-ouvertes.fr/hal-01593128/file/1709.07309.pdf,https://hal.archives-ouvertes.fr/hal-01593128/file/1709.07309.pdf
10.3842/sigma.2018.104,other_repo,oa repository (via OAI-PMH title and first author match),repository,Max Planck Society - MPG.PuRe,http://hdl.handle.net/21.11116/0000-0003-E018-5,http://hdl.handle.net/21.11116/0000-0003-E018-5
10.3842/sigma.2018.104,opendoar_other,oa repository (via OAI-PMH title and first author match),repository,Le Centre pour la Communication Scientifique Directe - HAL,https://hal.archives-ouvertes.fr/hal-01593128,https://hal.archives-ouvertes.fr/hal-01593128/document
10.3842/sigma.2018.104,opendoar_inst,oa repository (via OAI-PMH title and first author match),repository,Le Centre pour la Communication Scientifique Directe - HAL,https://hal.archives-ouvertes.fr/hal-01593128,https://hal.archives-ouvertes.fr/hal-01593128/document
10.1016/j.bej.2017.09.002,not_oa,NA,NA,NA,NA,NA
10.1016/j.beproc.2013.10.007,other_repo,oa repository (via OAI-PMH doi match),repository,University of Groningen / Centre for Information Technology - University of Groningen research database,https://pure.rug.nl/ws/files/86223541/1_s2.0_S0376635713002222_main.pdf,https://pure.rug.nl/ws/files/86223541/1_s2.0_S0376635713002222_main.pdf
10.1016/j.beproc.2013.10.007,opendoar_other,oa repository (via OAI-PMH doi match),repository,DANS - Data Archiving and Networked Services - NARCIS - National Academic Research and Collaborations Information System,https://www.rug.nl/research/portal/en/publications/movement-initiation-in-groups-of-feral-horses(b6c8b6b2-f472-40c9-97a3-177d784599da).html,https://www.rug.nl/research/portal/files/86223541/1_s2.0_S0376635713002222_main.pdf
10.1016/j.revpalbo.2013.04.004,not_oa,NA,NA,NA,NA,NA
10.1016/j.celrep.2016.02.044,full_oa_journal,oa journal (via doaj),publisher,NA,https://doi.org/10.1016/j.celrep.2016.02.044,NA
10.1167/iovs.15-16654,full_oa_journal,open (via free pdf),publisher,NA,https://doi.org/10.1167/iovs.15-16654,https://iovs.arvojournals.org/data/journals/iovs/933739/i1552-5783-56-4-2312.pdf
10.1103/physrevlett.119.151802,other_oa_journal,open (via crossref license),publisher,NA,https://doi.org/10.1103/physrevlett.119.151802,NA
10.1103/physrevlett.119.151802,other_oa_journal,open (via page says license),publisher,NA,https://doi.org/10.1103/physrevlett.119.151802,http://link.aps.org/pdf/10.1103/PhysRevLett.119.151802
10.1103/physrevlett.119.151802,opendoar_inst,oa repository (via OAI-PMH doi match),repository,Massachusetts Institute of Technology - DSpace@MIT,http://hdl.handle.net/1721.1/112308,https://dspace.mit.edu/bitstream/1721.1/112308/1/PhysRevLett.119.151802.pdf
10.1103/physrevlett.119.151802,opendoar_inst,oa repository (via OAI-PMH doi match),repository,Rice University - Rice Digital Scholarship Archive,http://hdl.handle.net/1911/105002,https://scholarship.rice.edu/bitstream/1911/105002/1/PhysRevLett.119.151802.pdf
10.1103/physrevlett.119.151802,opendoar_subject,oa repository (via OAI-PMH doi match),repository,European Organization for Nuclear Research - CERN Document Server,http://cds.cern.ch/record/2264382,http://cds.cern.ch/record/2264382/files/10.1103_PhysRevLett.119.151802.pdf
10.1103/physrevlett.119.151802,opendoar_inst,oa repository (via OAI-PMH doi match),repository,"Ministerio de Educación, Cultura y Deporte - Consultation of the Doctoral Thesis Database (TESEO)",http://hdl.handle.net/10651/45492,http://digibuo.uniovi.es/dspace/bitstream/10651/45492/4/PhysRevLett.119.151802.pdf
10.1103/physrevlett.119.151802,opendoar_inst,oa repository (via OAI-PMH doi match),repository,"Institute of Nuclear Sciences ""Vinča"" - VinaR - Repository of the Vinča Nuclear Institute",http://vinar.vin.bg.ac.rs//bitstream/id/12115/1779.pdf,http://vinar.vin.bg.ac.rs//bitstream/id/12115/1779.pdf
10.1103/physrevlett.119.151802,opendoar_inst,oa repository (via OAI-PMH doi match),repository,"Institute of Nuclear Sciences ""Vinča"" - VinaR - Repository of the Vinča Nuclear Institute",http://vinar.vin.bg.ac.rs/handle/123456789/1783,http://vinar.vin.bg.ac.rs/bitstream/123456789/1783/1/1779.pdf
10.1103/physrevlett.119.151802,opendoar_inst,oa repository (via OAI-PMH doi match),repository,NA,http://hdl.handle.net/10446/141252,https://aisberg.unibg.it/bitstream/10446/141252/1/PhysRevLett.119.151802.pdf
10.1103/physrevlett.119.151802,opendoar_inst,oa repository (via OAI-PMH doi match),repository,Ghent University - Ghent University Academic Bibliography,http://hdl.handle.net/1854/LU-8568567,https://biblio.ugent.be/publication/8568567/file/8568749.pdf
10.1103/physrevlett.119.151802,opendoar_inst,oa repository (via OAI-PMH doi match),repository,Ghent University - Ghent University Academic Bibliography,https://biblio.ugent.be/publication/8592323,https://biblio.ugent.be/publication/8592323/file/8593160.pdf
10.1103/physrevlett.119.151802,opendoar_inst,oa repository (via OAI-PMH doi match),repository,University of Helsinki - Helda,http://hdl.handle.net/10138/231055,https://helda.helsinki.fi/bitstream/10138/231055/1/PhysRevLett.119.151802.pdf
10.1103/physrevlett.119.151802,other_repo,oa repository (via OAI-PMH doi match),repository,NA,http://hdl.handle.net/11449/165833,https://repositorio.unesp.br/bitstream/11449/165833/1/WOS000412979000007.pdf
10.1103/physrevlett.119.151802,opendoar_inst,oa repository (via OAI-PMH doi match),repository,Paul Scherrer Institute - DORA PSI,https://www.dora.lib4ri.ch/psi/islandora/object/psi%3A6097,https://www.dora.lib4ri.ch/psi/islandora/object/psi%3A6097/datastream/PDF/view
10.1103/physrevlett.119.151802,opendoar_inst,oa repository (via OAI-PMH doi match),repository,Ghent University - Ghent University Academic Bibliography,https://biblio.ugent.be/publication/8568567/file/8568749,https://biblio.ugent.be/publication/8568567/file/8568749
10.1103/physrevlett.119.151802,opendoar_inst,oa repository (via OAI-PMH doi match),repository,Ghent University - Ghent University Academic Bibliography,https://biblio.ugent.be/publication/8592323/file/8593160,https://biblio.ugent.be/publication/8592323/file/8593160
10.1103/physrevlett.119.151802,opendoar_inst,oa repository (via OAI-PMH doi match),repository,Indian Institute of Science - ePrints@IISc,http://eprints.iisc.ac.in/58468/1/Phy_Rev_Let_119-15_2017.pdf,http://eprints.iisc.ac.in/58468/1/Phy_Rev_Let_119-15_2017.pdf
10.1103/physrevlett.119.151802,opendoar_inst,oa repository (via OAI-PMH doi match),repository,University of Zurich - Zurich Open Repository and Archive,https://www.zora.uzh.ch/id/eprint/146423/1/PhysRevLett119151802.pdf,https://www.zora.uzh.ch/id/eprint/146423/1/PhysRevLett119151802.pdf
10.1103/physrevlett.119.151802,opendoar_subject,oa repository (via OAI-PMH doi match),repository,Cornell University - arXiv,http://arxiv.org/abs/1705.04673,http://arxiv.org/pdf/1705.04673
10.1103/physrevlett.119.151802,opendoar_inst,oa repository (via OAI-PMH title and first author match),repository,Brunel University London - Brunel University Research Archive (BURA),http://bura.brunel.ac.uk/handle/2438/13203,http://bura.brunel.ac.uk/bitstream/2438/13203/1/Fulltext.pdf
10.1103/physrevlett.119.151802,other_repo,oa repository (via OAI-PMH title and first author match),repository,Red Federada de Repositorios Institucionales de Publicaciones Científicas - LA Referencia,http://repositorio.unicamp.br/jspui/handle/REPOSIP/323231,http://repositorio.unicamp.br/jspui/bitstream/REPOSIP/323231/1/2-s2.0-84984950398.pdf
10.1103/physrevlett.119.151802,other_repo,oa repository (via OAI-PMH title and first author match),repository,Brunel University London - Brunel University Research Archive (BURA),http://link.springer.com/article/10.1007%2FJHEP08%282016%29122,https://link.springer.com/content/pdf/10.1007/JHEP08(2016)122.pdf
10.1103/physrevlett.119.151802,opendoar_inst,oa repository (via OAI-PMH title and first author match),repository,Paul Scherrer Institute - DORA PSI,https://www.dora.lib4ri.ch/psi/islandora/object/psi%3A5944,https://www.dora.lib4ri.ch/psi/islandora/object/psi%3A5944/datastream/PDF/view
10.1103/physrevlett.119.151802,other_repo,oa repository (via OAI-PMH title and first author match),repository,NA,http://link.springer.com/journal/13130,https://link.springer.com/content/pdf/10.1007%2FJHEP02%282020%29073.pdf
10.1073/pnas.1621225114,other_oa_journal,open (via free pdf),publisher,NA,https://doi.org/10.1073/pnas.1621225114,https://www.pnas.org/content/pnas/114/27/E5454.full.pdf
10.1073/pnas.1621225114,other_repo,oa repository (via pmcid lookup),repository,NA,https://www.ncbi.nlm.nih.gov/pmc/articles/PMC5502600,NA
10.1073/pnas.1621225114,opendoar_subject,oa repository (via OAI-PMH doi match),repository,National Institutes of Health (USA) - US National Library of Medicine,http://europepmc.org/articles/pmc5502600,http://europepmc.org/articles/pmc5502600?pdf=render
10.1073/pnas.1621225114,other_repo,oa repository (semantic scholar lookup),repository,NA,https://semanticscholar.org/paper/c787e30a1db41826aa5a7b5f9136b046abee6dd8,http://pdfs.semanticscholar.org/c787/e30a1db41826aa5a7b5f9136b046abee6dd8.pdf
10.1177/1069397117707184,not_oa,NA,NA,NA,NA,NA
10.1186/1742-2094-9-44,full_oa_journal,oa journal (via doaj),publisher,NA,https://doi.org/10.1186/1742-2094-9-44,NA
10.1186/1742-2094-9-44,full_oa_journal,open (via page says license),publisher,NA,https://doi.org/10.1186/1742-2094-9-44,https://jneuroinflammation.biomedcentral.com/track/pdf/10.1186/1742-2094-9-44
10.1186/1742-2094-9-44,other_repo,oa repository (via pmcid lookup),repository,NA,https://www.ncbi.nlm.nih.gov/pmc/articles/PMC3359160,NA
10.1186/1742-2094-9-44,opendoar_subject,oa repository (via OAI-PMH doi match),repository,pubmedcentral.nih.gov,http://europepmc.org/articles/pmc3359160,http://europepmc.org/articles/pmc3359160?pdf=render
10.2967/jnumed.114.137059,other_oa_journal,open (via free pdf),publisher,NA,https://doi.org/10.2967/jnumed.114.137059,http://jnm.snmjournals.org/content/55/11/1885.full.pdf
10.2967/jnumed.114.137059,other_repo,oa repository (via OAI-PMH title and first author match),repository,The Pennsylvania State University - CiteSeer X,http://citeseerx.ist.psu.edu/viewdoc/summary?doi=10.1.1.927.4134,http://jnm.snmjournals.org/content/early/2014/10/02/jnumed.114.137059.full.pdf
10.1103/physrevd.84.052011,other_oa_journal,open (via crossref license),publisher,NA,https://doi.org/10.1103/physrevd.84.052011,NA
10.1103/physrevd.84.052011,other_oa_journal,open (via page says license),publisher,NA,https://doi.org/10.1103/physrevd.84.052011,http://link.aps.org/pdf/10.1103/PhysRevD.84.052011
10.1103/physrevd.84.052011,opendoar_inst,oa repository (via OAI-PMH doi match),repository,Texas A&M University Libraries - OakTrust,http://hdl.handle.net/1969.1/185268,https://oaktrust.library.tamu.edu/bitstream/1969.1/185268/2/document-2.pdf
10.1103/physrevd.84.052011,other_repo,oa repository (via OAI-PMH doi match),repository,"CERN, DESY, Fermilab, IHEP, and SLAC - DESY",http://bib-pubdb1.desy.de/record/96375,http://bib-pubdb1.desy.de/record/96375/files/e052011.pdf
10.1103/physrevd.84.052011,opendoar_inst,oa repository (via OAI-PMH doi match),repository,Ghent University - Ghent University Academic Bibliography,https://biblio.ugent.be/publication/8592874,https://biblio.ugent.be/publication/8592874/file/8593714.pdf
10.1103/physrevd.84.052011,opendoar_inst,oa repository (via OAI-PMH doi match),repository,Universidad Autónoma de Madrid - Biblos-e Archivo,http://hdl.handle.net/10486/666479,https://repositorio.uam.es/bitstream/10486/666479/1/differential_chatrchyan_prd_2011.pdf
10.1103/physrevd.84.052011,opendoar_inst,oa repository (via OAI-PMH doi match),repository,University of Cantabria - UCrea,http://hdl.handle.net/10902/2439,https://repositorio.unican.es/xmlui/bitstream/10902/2439/1/Measurement%20of%20the%20differential%20cross%20section%20for%20isolated%20prompt.pdf
10.1103/physrevd.84.052011,opendoar_inst,oa repository (via OAI-PMH doi match),repository,Ghent University - Ghent University Academic Bibliography,https://biblio.ugent.be/publication/8592874/file/8593714,https://biblio.ugent.be/publication/8592874/file/8593714
10.1103/physrevd.84.052011,opendoar_inst,oa repository (via OAI-PMH doi match),repository,University of Zurich - Zurich Open Repository and Archive,https://www.zora.uzh.ch/id/eprint/58818/1/1108.2044v1.pdf,https://www.zora.uzh.ch/id/eprint/58818/1/1108.2044v1.pdf
10.1103/physrevd.84.052011,opendoar_subject,oa repository (via OAI-PMH doi match),repository,arXiv.org,http://arxiv.org/abs/1108.2044,http://arxiv.org/pdf/1108.2044
10.1103/physrevd.84.052011,opendoar_inst,oa repository (via OAI-PMH doi match),repository,İZMİR YÜKSEK TEKNOLOJİ ENSTİTÜSÜ - İYTE - DSpace@IZTECH Institutional Repository,http://hdl.handle.net/11147/4991,http://openaccess.iyte.edu.tr/bitstream/11147/4991/1/4991.pdf
10.1103/physrevd.84.052011,opendoar_inst,oa repository (via OAI-PMH doi match),repository,Brunel University London - Brunel University Research Archive (BURA),https://bura.brunel.ac.uk/handle/2438/6198,http://bura.brunel.ac.uk/bitstream/2438/6198/6/FullText.pdf
10.1103/physrevd.84.052011,opendoar_subject,oa repository (via OAI-PMH doi match),repository,NA,http://cds.cern.ch/record/1374176,http://cds.cern.ch/record/1374176/files/PhysRevD.84.052011.pdf
10.1103/physrevd.84.052011,opendoar_inst,oa repository (via OAI-PMH doi match),repository,"Institute of Nuclear Sciences ""Vinča"" - VinaR - Repository of the Vinča Nuclear Institute",http://vinar.vin.bg.ac.rs//bitstream/id/13107/4951.pdf,http://vinar.vin.bg.ac.rs//bitstream/id/13107/4951.pdf
10.1103/physrevd.84.052011,opendoar_inst,oa repository (via OAI-PMH doi match),repository,"Institute of Nuclear Sciences ""Vinča"" - VinaR - Repository of the Vinča Nuclear Institute",http://vinar.vin.bg.ac.rs/handle/123456789/4955,http://vinar.vin.bg.ac.rs/bitstream/123456789/4955/1/4951.pdf
10.1103/physrevd.84.052011,opendoar_inst,oa repository (via OAI-PMH doi match),repository,Spanish National Research Council (CSIC) - DIGITAL.CSIC,http://hdl.handle.net/10261/46247,https://digital.csic.es/bitstream/10261/46247/1/e052011.pdf
10.1103/physrevd.84.052011,other_repo,oa repository (via OAI-PMH doi match),repository,Université Libre de Bruxelles - Dépôt institutionnel de l'Université libre de Bruxelles,https://dipot.ulb.ac.be/dspace/bitstream/2013/122514/4/doi_103654.pdf,https://dipot.ulb.ac.be/dspace/bitstream/2013/122514/4/doi_103654.pdf
10.1103/physrevd.84.052011,other_repo,oa repository (via OAI-PMH doi match),repository,NA,http://hdl.handle.net/11449/24650,https://repositorio.unesp.br/bitstream/11449/24650/1/WOS000306432100003.pdf
10.1103/physrevd.84.052011,opendoar_inst,oa repository (via OAI-PMH doi match),repository,Paul Scherrer Institute - DORA PSI,https://www.dora.lib4ri.ch/psi/islandora/object/psi%3A14480,https://www.dora.lib4ri.ch/psi/islandora/object/psi%3A14480/datastream/PDF/view
10.1103/physrevd.84.052011,other_repo,oa repository (via OAI-PMH doi match),repository,U.S. Department of Energy Office of Scientific and Technical Information - OSTI OAI,https://www.osti.gov/biblio/1176951,NA
10.1007/s00104-012-2385-8,not_oa,NA,NA,NA,NA,NA
10.1128/jvi.01928-16,other_oa_journal,open (via free pdf),publisher,NA,https://doi.org/10.1128/jvi.01928-16,https://jvi.asm.org/content/jvi/91/7/e01928-16.full.pdf
10.1128/jvi.01928-16,other_repo,oa repository (via pmcid lookup),repository,NA,https://www.ncbi.nlm.nih.gov/pmc/articles/PMC5355617,NA
10.1128/jvi.01928-16,opendoar_subject,oa repository (via OAI-PMH doi match),repository,pubmedcentral.nih.gov,http://europepmc.org/articles/pmc5355617,http://europepmc.org/articles/pmc5355617?pdf=render
10.1063/1.3432753,not_oa,NA,NA,NA,NA,NA
10.1039/c1nr00002k,not_oa,NA,NA,NA,NA,NA
10.1056/nejmoa1307581,opendoar_inst,oa repository (via OAI-PMH doi match),repository,University of Zurich - Zurich Open Repository and Archive,https://www.zora.uzh.ch/id/eprint/105862/1/nejmoa1307581.pdf,https://www.zora.uzh.ch/id/eprint/105862/1/nejmoa1307581.pdf
10.1371/journal.pone.0160203,full_oa_journal,oa journal (via doaj),publisher,NA,https://doi.org/10.1371/journal.pone.0160203,NA
10.1371/journal.pone.0160203,full_oa_journal,open (via page says license),publisher,NA,https://doi.org/10.1371/journal.pone.0160203,https://journals.plos.org/plosone/article/file?id=10.1371/journal.pone.0160203&type=printable
10.1371/journal.pone.0160203,other_repo,oa repository (via pmcid lookup),repository,NA,https://www.ncbi.nlm.nih.gov/pmc/articles/PMC4975492,NA
10.1371/journal.pone.0160203,opendoar_subject,oa repository (via OAI-PMH doi match),repository,pubmedcentral.nih.gov,http://europepmc.org/articles/pmc4975492,http://europepmc.org/articles/pmc4975492?pdf=render
10.1080/10426507.2010.523033,not_oa,NA,NA,NA,NA,NA
10.1159/000345065,not_oa,NA,NA,NA,NA,NA
10.1002/cite.201300007,not_oa,NA,NA,NA,NA,NA
10.1016/j.psychres.2013.02.006,not_oa,NA,NA,NA,NA,NA
10.1016/j.apcata.2017.09.023,not_oa,NA,NA,NA,NA,NA
10.5301/jabfm.2013.10832,not_oa,NA,NA,NA,NA,NA
10.1167/iovs.12-11409,full_oa_journal,open (via free pdf),publisher,NA,https://doi.org/10.1167/iovs.12-11409,https://iovs.arvojournals.org/data/journals/iovs/932984/i1552-5783-54-2-1176.pdf
10.1103/physrevx.3.041028,full_oa_journal,oa journal (via doaj),publisher,NA,https://doi.org/10.1103/physrevx.3.041028,NA
10.1103/physrevx.3.041028,full_oa_journal,open (via page says license),publisher,NA,https://doi.org/10.1103/physrevx.3.041028,http://link.aps.org/pdf/10.1103/PhysRevX.3.041028
10.1103/physrevx.3.041028,opendoar_subject,oa repository (via OAI-PMH doi match),repository,arXiv.org,http://arxiv.org/abs/1309.3516,http://arxiv.org/pdf/1309.3516
10.1002/mawe.201300099,not_oa,NA,NA,NA,NA,NA
10.1002/pssb.201600358,not_oa,NA,NA,NA,NA,NA
10.1111/j.1369-1600.2010.00264.x,not_oa,NA,NA,NA,NA,NA
10.1155/2013/359074,full_oa_journal,oa journal (via doaj),publisher,NA,https://doi.org/10.1155/2013/359074,NA
10.1155/2013/359074,full_oa_journal,open (via page says license),publisher,NA,https://doi.org/10.1155/2013/359074,http://downloads.hindawi.com/journals/mpe/2013/359074.pdf
10.1155/2013/359074,other_repo,oa repository (semantic scholar lookup),repository,NA,https://semanticscholar.org/paper/0c2e4ae17628e9061467693ad120804d66fb576b,http://pdfs.semanticscholar.org/69c0/57f322121d0a2a049189695592d7cf4b2942.pdf
10.1155/2013/359074,opendoar_inst,oa repository (via OAI-PMH title and first author match),repository,University of Oslo - Duo Research Archive,http://hdl.handle.net/11250/136934,https://uia.brage.unit.no/uia-xmlui/bitstream/11250/136934/1/Karimi_2013_Using.pdf
10.1111/1365-2664.12915,not_oa,NA,NA,NA,NA,NA
10.1016/j.ijsu.2017.11.028,other_oa_journal,open (via free article),publisher,NA,https://doi.org/10.1016/j.ijsu.2017.11.028,NA
10.1002/ajp.22255,opendoar_inst,oa repository (via OAI-PMH doi match),repository,University of Portsmouth - Portsmouth Research Portal,https://researchportal.port.ac.uk/portal/en/publications/a-comparison-of-facial-expression-properties-in-five-hylobatid-species(f215c71d-9e8e-4ac4-88c5-b408dc5eed53).html,https://researchportal.port.ac.uk/portal/files/1192251/Gibbon_MS_resub.pdf
10.1002/ajp.22255,opendoar_inst,oa repository (via OAI-PMH doi match),repository,University of Portsmouth - Portsmouth Research Portal,https://researchportal.port.ac.uk/ws/files/1192251/Gibbon_MS_resub.pdf,https://researchportal.port.ac.uk/ws/files/1192251/Gibbon_MS_resub.pdf
10.1002/ajp.22255,other_repo,oa repository (via OAI-PMH doi match),repository,University of Portsmouth - Portsmouth Research Portal,http://doi.wiley.com/10.1002/ajp.22255,NA
10.1002/macp.201600587,not_oa,NA,NA,NA,NA,NA
10.1016/j.tiv.2012.06.014,not_oa,NA,NA,NA,NA,NA
10.1007/s00132-015-3080-5,not_oa,NA,NA,NA,NA,NA
10.1007/s12031-010-9452-8,not_oa,NA,NA,NA,NA,NA
10.1016/j.quascirev.2012.09.003,opendoar_inst,oa repository (via OAI-PMH title and first author match),repository,Università Ca' Foscari Venezia - ARCA,http://hdl.handle.net/10278/42748,https://iris.unive.it/bitstream/10278/42748/1/Goosse%20et%20al-EGU2013-1525.pdf
10.1007/s00041-013-9263-8,not_oa,NA,NA,NA,NA,NA
10.1016/j.ccell.2017.03.001,other_oa_journal,open (via crossref license),publisher,NA,https://doi.org/10.1016/j.ccell.2017.03.001,NA
10.1016/j.ccell.2017.03.001,other_oa_journal,open (via page says license),publisher,NA,https://doi.org/10.1016/j.ccell.2017.03.001,http://www.cell.com/article/S1535610817300636/pdf
10.1016/j.ccell.2017.03.001,other_repo,oa repository (via pmcid lookup),repository,NA,https://www.ncbi.nlm.nih.gov/pmc/articles/PMC5389883,NA
10.1016/j.ccell.2017.03.001,opendoar_subject,oa repository (via OAI-PMH doi match),repository,pubmedcentral.nih.gov,http://europepmc.org/articles/pmc5389883,http://europepmc.org/articles/pmc5389883?pdf=render
10.1016/j.ccell.2017.03.001,other_repo,oa repository (via OAI-PMH doi match),repository,escidoc.org,http://hdl.handle.net/11858/00-001M-0000-002D-288D-B,http://pubman.mpdl.mpg.de/pubman/item/escidoc:2430273/component/escidoc:2430276/2430273.pdf
10.1016/j.ccell.2017.03.001,other_repo,oa repository (via OAI-PMH doi match),repository,escidoc.org,NA,http://hdl.handle.net/11858/00-001M-0000-002D-2891-0
10.1016/j.ccell.2017.03.001,opendoar_other,oa repository (via OAI-PMH title and first author match),repository,Max Planck Society - MPG.PuRe,http://hdl.handle.net/11858/00-001M-0000-002D-288D-B,https://pure.mpg.de/pubman/item/item_2430273_4/component/file_2430276/2430273.pdf
10.1016/j.ccell.2017.03.001,opendoar_inst,oa repository (via OAI-PMH title and first author match),repository,University of Cambridge - Apollo,https://www.repository.cam.ac.uk/handle/1810/264362,https://www.repository.cam.ac.uk/bitstream/1810/264362/1/1-s2.0-S1535610817300636-main.pdf
10.1016/j.ccell.2017.03.001,other_repo,oa repository (via OAI-PMH title and first author match),repository,Max Planck Society - MPG.PuRe,http://hdl.handle.net/11858/00-001M-0000-002D-288F-7,http://hdl.handle.net/11858/00-001M-0000-002D-288F-7
10.1016/j.ccell.2017.03.001,other_repo,oa repository (via OAI-PMH title and first author match),repository,Max Planck Society - MPG.PuRe,http://hdl.handle.net/11858/00-001M-0000-002D-2896-6,http://hdl.handle.net/11858/00-001M-0000-002D-2896-6
10.1016/j.ccell.2017.03.001,other_repo,oa repository (via OAI-PMH title and first author match),repository,Max Planck Society - MPG.PuRe,http://hdl.handle.net/11858/00-001M-0000-002D-2893-C,NA
10.1016/j.ccell.2017.03.001,other_repo,oa repository (via OAI-PMH title and first author match),repository,Max Planck Society - MPG.PuRe,http://hdl.handle.net/11858/00-001M-0000-002D-2895-8,NA
10.1016/j.ccell.2017.03.001,other_repo,oa repository (via OAI-PMH title and first author match),repository,Goethe University Frankfurt - Publication Server of Goethe University Frankfurt am Main,http://publikationen.ub.uni-frankfurt.de/files/43728/container.zip,NA
10.1016/j.psychres.2009.03.028,not_oa,NA,NA,NA,NA,NA
10.1016/j.physa.2016.01.079,not_oa,NA,NA,NA,NA,NA
10.1016/j.meatsci.2015.06.016,not_oa,NA,NA,NA,NA,NA
10.1515/forum-2015-0139,opendoar_subject,oa repository (via OAI-PMH doi match),repository,Cornell University - arXiv,http://arxiv.org/abs/1505.04056,http://arxiv.org/pdf/1505.04056
10.1515/forum-2015-0139,other_repo,oa repository (semantic scholar lookup),repository,NA,https://semanticscholar.org/paper/a2d2f63e911683f0b32377ceca595dd410a5caec,http://pdfs.semanticscholar.org/6036/952afab221c8a1edd653556b4c08f201f937.pdf
10.1016/j.learninstruc.2009.02.023,not_oa,NA,NA,NA,NA,NA
10.1016/j.jbiotec.2014.02.015,not_oa,NA,NA,NA,NA,NA
10.1155/2014/289656,full_oa_journal,oa journal (via doaj),publisher,NA,https://doi.org/10.1155/2014/289656,NA
10.1155/2014/289656,full_oa_journal,open (via page says license),publisher,NA,https://doi.org/10.1155/2014/289656,http://downloads.hindawi.com/journals/bmri/2014/289656.pdf
10.1155/2014/289656,other_repo,oa repository (via pmcid lookup),repository,NA,https://www.ncbi.nlm.nih.gov/pmc/articles/PMC4119892,NA
10.1155/2014/289656,opendoar_subject,oa repository (via OAI-PMH doi match),repository,pubmedcentral.nih.gov,http://europepmc.org/articles/pmc4119892,http://europepmc.org/articles/pmc4119892?pdf=render
10.1155/2014/289656,other_repo,oa repository (semantic scholar lookup),repository,NA,https://semanticscholar.org/paper/61a68add480a5319067af6019be4acfc9e5e5e5d,http://pdfs.semanticscholar.org/4e00/fd7beff3551cb78518e3e5c26ff951d4dc73.pdf
10.1186/s12957-016-0953-y,full_oa_journal,oa journal (via doaj),publisher,NA,https://doi.org/10.1186/s12957-016-0953-y,NA
10.1186/s12957-016-0953-y,other_repo,oa repository (via pmcid lookup),repository,NA,https://www.ncbi.nlm.nih.gov/pmc/articles/PMC4962373,NA
10.1186/s12957-016-0953-y,opendoar_subject,oa repository (via OAI-PMH doi match),repository,pubmedcentral.nih.gov,http://europepmc.org/articles/pmc4962373,http://europepmc.org/articles/pmc4962373?pdf=render
10.1016/j.neuropharm.2017.08.019,not_oa,NA,NA,NA,NA,NA
10.3897/dez.63.10799,full_oa_journal,open (via free pdf),publisher,NA,https://doi.org/10.3897/dez.63.10799,https://dez.pensoft.net/article/10799/download/pdf/
10.3897/dez.63.10799,full_oa_journal,oa journal (via doaj),publisher,NA,https://doi.org/10.3897/dez.63.10799,NA
10.3897/dez.63.10799,other_repo,oa repository (semantic scholar lookup),repository,NA,https://semanticscholar.org/paper/c2a90fd0dfb0b2bb3e069451481fe054d15f92ac,http://pdfs.semanticscholar.org/c2a9/0fd0dfb0b2bb3e069451481fe054d15f92ac.pdf
10.3897/dez.63.10799,opendoar_other,oa repository (via OAI-PMH title and first author match),repository,CERN European Organization for Nuclear Research - Zenodo,https://zenodo.org/record/168551,https://zenodo.org/record/168551/files/DEZ_article_10799.pdf
10.3897/dez.63.10799,opendoar_inst,oa repository (via OAI-PMH title and first author match),repository,CERN European Organization for Nuclear Research - Zenodo,https://zenodo.org/record/168551,https://zenodo.org/record/168551/files/DEZ_article_10799.pdf
10.1080/14680629.2017.1305146,not_oa,NA,NA,NA,NA,NA
10.1016/j.euroneuro.2015.05.005,not_oa,NA,NA,NA,NA,NA
10.1186/1471-2407-10-262,full_oa_journal,oa journal (via doaj),publisher,NA,https://doi.org/10.1186/1471-2407-10-262,NA
10.1186/1471-2407-10-262,full_oa_journal,open (via page says license),publisher,NA,https://doi.org/10.1186/1471-2407-10-262,https://bmccancer.biomedcentral.com/track/pdf/10.1186/1471-2407-10-262
10.1186/1471-2407-10-262,other_repo,oa repository (via pmcid lookup),repository,NA,https://www.ncbi.nlm.nih.gov/pmc/articles/PMC2889897,NA
10.1186/1471-2407-10-262,opendoar_subject,oa repository (via OAI-PMH doi match),repository,pubmedcentral.nih.gov,http://europepmc.org/articles/pmc2889897,http://europepmc.org/articles/pmc2889897?pdf=render
10.1590/1678-4324-2016150264,full_oa_journal,oa journal (via doaj),publisher,NA,https://doi.org/10.1590/1678-4324-2016150264,NA
10.1590/1678-4324-2016150264,full_oa_journal,open (via page says license),publisher,NA,https://doi.org/10.1590/1678-4324-2016150264,http://www.scielo.br/pdf/babt/v59/1516-8913-babt-16150264.pdf
10.1152/physiol.00025.2014,other_repo,oa repository (semantic scholar lookup),repository,NA,https://semanticscholar.org/paper/a9cd1d7e660014426a05809be0254620bf84e9a4,http://pdfs.semanticscholar.org/4633/9d879fbfec975d0ccb200d25e4574a284e89.pdf
10.1111/geer.12114,opendoar_inst,oa repository (via OAI-PMH title and first author match),repository,Ludwid Maxmilian's Universitat Munchen - Open access LMU,https://epub.ub.uni-muenchen.de/24835/,https://epub.ub.uni-muenchen.de/24835/1/502.pdf
10.1111/geer.12114,opendoar_subject,oa repository (via OAI-PMH title and first author match),repository,Econstor - Econstor,http://hdl.handle.net/10419/102557,https://www.econstor.eu/bitstream/10419/102557/1/797626379.pdf
10.1111/geer.12114,opendoar_subject,oa repository (via OAI-PMH title and first author match),repository,Econstor - Econstor,http://hdl.handle.net/10419/121372,https://www.econstor.eu/bitstream/10419/121372/1/826773699.pdf
10.1159/000324634,not_oa,NA,NA,NA,NA,NA
